{
    "params": {
        "epsilon_b": 0.001,
        "epsilon_n": 0,
        "lam": 20,
        "beta": 0.9995,
        "alpha": 0.95,
        "max_age": 20,
        "off_max_age": 20,
        "lambda_2": 0.2,
        "dimensions": 1024,
        "index_type": "IP",
        "nodes_per_cycle": 1
    },
    "results": {
        "ss": "-0.014033037260467836",
        "chs": "5.024718934384843"
    }
}